movie_name,message_id,channel_id
Mandala Murders,3,-1003181705395
Mandala Murders,6,-1003181705395
Mandala Murders,7,-1003181705395
Mandala Murders,8,-1003181705395
Mandala Murders,11,-1003181705395
Mandala Murders,13,-1003181705395
Mandala Murders,14,-1003181705395
Zebra 2024,9,-1003181705395
Zebra 2024,10,-1003181705395
Zebra 2024,11,-1003181705395
Zebra 2024,12,-1003181705395
Zebra 2024,13,-1003181705395
Zebra 2024,14,-1003181705395
Zebra 2024,21,-1003251791991
Zebra 2024,22,-1003251791991
Zebra 2024,23,-1003251791991
Zebra 2024,25,-1003251791991
Zebra,21,-1003181705395
Zebra,23,-1003181705395
Zebra,24,-1003181705395
Show Time 2025,15,-1003181705395
Show Time 2025,16,-1003181705395
Show Time 2025,17,-1003181705395
Show Time 2025,18,-1003181705395
Show Time 2025,19,-1003181705395
Show Time 2025,20,-1003181705395
Show Time 2025,26,-1003251791991
Show Time 2025,27,-1003251791991
Show Time 2025,28,-1003251791991
Show Time 2025,29,-1003251791991
Show Time 2025,30,-1003251791991
Show Time,26,-1003181705395
Show Time,27,-1003181705395
Show Time,28,-1003181705395
Taskaree: The Smugglers Web (2026),31,-1003251791991
Taskaree: The Smugglers Web (2026),32,-1003251791991
Taskaree: The Smugglers Web (2026),33,-1003251791991
Andhadhun (2018),34,-1003251791991
Andhadhun (2018),35,-1003251791991
Andhadhun (2018),36,-1003251791991
Andhadhun (2018),37,-1003251791991
Andhadhun (2018),38,-1003251791991
Andhadhun (2018),39,-1003251791991
Andhadhun (2018),40,-1003251791991
Andhadhun (2018),41,-1003251791991
Andhadhun (2018),42,-1003251791991
Andhadhun (2018),43,-1003251791991
Andhadhun (2018),44,-1003251791991
Andhadhun (2018),45,-1003251791991
Andhadhun (2018),46,-1003251791991
Andhadhun (2018),47,-1003251791991
Anyaa 2025 S01,48,-1003251791991
Anyaa 2025 S01,49,-1003251791991
Anyaa 2025 S01,50,-1003251791991
Rangeen 2025 S01,51,-1003251791991
Rangeen 2025 S01,52,-1003251791991
Rangeen 2025 S01,53,-1003251791991
Bachhala Malli 2024,41,-1003251791991
Bachhala Malli 2024,42,-1003251791991
Bachhala Malli 2024,43,-1003251791991
Bachhala Malli 2024,44,-1003251791991
Bachhala Malli 2024,45,-1003251791991
Bachhala Malli 2024,46,-1003251791991
Bachhala Malli 2024,47,-1003251791991
Bachhala Malli 2024,54,-1003251791991
Bachhala Malli 2024,55,-1003251791991
Bachhala Malli 2024,56,-1003251791991
Bachhala Malli,30,-1003181705395
Bachhala Malli,31,-1003181705395
Seesaw 2025,57,-1003251791991
Seesaw 2025,58,-1003251791991
Seesaw 2025,59,-1003251791991
Seesaw 2025,60,-1003251791991
Seesaw 2025,61,-1003251791991
Seesaw 2025,62,-1003251791991
Seesaw 2025,63,-1003251791991
Seesaw 2025,64,-1003251791991
Seesaw 2025,65,-1003251791991
Seesaw,43,-1003181705395
Seesaw,44,-1003181705395
Seesaw,45,-1003181705395
Narivetta 2025,66,-1003251791991
Narivetta 2025,67,-1003251791991
Narivetta 2025,68,-1003251791991
Narivetta 2025,69,-1003251791991
Narivetta 2025,70,-1003251791991
Narivetta 2025,71,-1003251791991
Narivetta 2025,72,-1003251791991
Narivetta 2025,73,-1003251791991
Narivetta 2025,74,-1003251791991
Narivetta 2025,75,-1003251791991
Narivetta 2025,76,-1003251791991
Narivetta 2025,77,-1003251791991
Narivetta 2025,78,-1003251791991
Narivetta 2025,79,-1003251791991
Narivetta,47,-1003181705395
Narivetta,48,-1003181705395
Narivetta,49,-1003181705395
Narivetta,50,-1003181705395
Pechi 2024,92,-1003251791991
Pechi 2024,93,-1003251791991
Pechi 2024,94,-1003251791991
Pechi 2024,95,-1003251791991
Pechi 2024,96,-1003251791991
Pechi 2024,97,-1003251791991
Pechi 2024,98,-1003251791991
Pechi 2024,99,-1003251791991
Pechi 2024,100,-1003251791991
Pechi 2024,101,-1003251791991
Pechi 2024,102,-1003251791991
Pechi 2024,103,-1003251791991
Pechi,52,-1003181705395
Pechi,53,-1003181705395
Pechi,54,-1003181705395
Pechi,55,-1003181705395
Gurthunda Seethakalam 2022,104,-1003251791991
Gurthunda Seethakalam 2022,105,-1003251791991
Gurthunda Seethakalam 2022,106,-1003251791991
Gurthunda Seethakalam 2022,107,-1003251791991
Gurthunda Seethakalam 2022,108,-1003251791991
Gurthunda Seethakalam 2022,109,-1003251791991
Gurthunda Seethakalam 2022,110,-1003251791991
Gurthunda Seethakalam 2022,111,-1003251791991
Gurthunda Seethakalam 2022,112,-1003251791991
Gurthunda Seethakalam 2022,113,-1003251791991
Gurthunda Seethakalam 2022,114,-1003251791991
Gurthunda Seethakalam 2022,115,-1003251791991
Gurthunda Seethakalam,57,-1003181705395
Gurthunda Seethakalam,58,-1003181705395
Gurthunda Seethakalam,59,-1003181705395
Gurthunda Seethakalam,60,-1003181705395
Fear 2024,116,-1003251791991
Fear 2024,117,-1003251791991
Fear 2024,118,-1003251791991
Fear 2024,119,-1003251791991
Fear 2024,120,-1003251791991
Fear 2024,121,-1003251791991
Fear 2024,122,-1003251791991
Fear 2024,123,-1003251791991
Fear 2024,124,-1003251791991
Fear 2024,125,-1003251791991
Fear 2024,126,-1003251791991
Fear 2024,127,-1003251791991
Fear,62,-1003181705395
Fear,63,-1003181705395
Fear,64,-1003181705395
Fear,65,-1003181705395
Yadha Yadha Hi 2024,128,-1003251791991
Yadha Yadha Hi 2024,129,-1003251791991
Yadha Yadha Hi 2024,130,-1003251791991
Yadha Yadha Hi 2024,131,-1003251791991
Yadha Yadha Hi 2024,132,-1003251791991
Yadha Yadha Hi 2024,133,-1003251791991
Yadha Yadha Hi 2024,134,-1003251791991
Yadha Yadha Hi 2024,135,-1003251791991
Yadha Yadha Hi 2024,136,-1003251791991
Revenge,70,-1003181705395
Revenge,71,-1003181705395
Revenge,72,-1003181705395
Revenge,73,-1003181705395
Kuladalli Keelyavudo 2025,137,-1003251791991
Kuladalli Keelyavudo 2025,138,-1003251791991
Kuladalli Keelyavudo 2025,139,-1003251791991
Kuladalli Keelyavudo 2025,140,-1003251791991
Kuladalli Keelyavudo 2025,141,-1003251791991
Kuladalli Keelyavudo 2025,142,-1003251791991
Kuladalli Keelyavudo 2025,143,-1003251791991
Kuladalli Keelyavudo 2025,144,-1003251791991
Kuladalli Keelyavudo 2025,145,-1003251791991
Kuladalli Keelyavudo 2025,146,-1003251791991
Kuladalli Keelyavudo,75,-1003181705395
Kuladalli Keelyavudo,76,-1003181705395
Kuladalli Keelyavudo,77,-1003181705395
Kuladalli Keelyavudo,78,-1003181705395
DNA,79,-1003181705395
DNA,80,-1003181705395
DNA,81,-1003181705395
DNA,82,-1003181705395
Moonwalk,86,-1003181705395
Moonwalk,87,-1003181705395
Moonwalk,88,-1003181705395
Robinhood,90,-1003181705395
Robinhood,91,-1003181705395
Robinhood,92,-1003181705395
Thug Life,95,-1003181705395
Thug Life,96,-1003181705395
Thug Life,97,-1003181705395
Thug Life,98,-1003181705395
Ek Chatur Naar Chathuram,100,-1003181705395
Ek Chatur Naar Chathuram,101,-1003181705395
Ek Chatur Naar Chathuram,102,-1003181705395
Ace,104,-1003181705395
Ace,105,-1003181705395
Ace,106,-1003181705395
Odela Railway Station,108,-1003181705395
Odela Railway Station,109,-1003181705395
Odela Railway Station,110,-1003181705395
Odela Railway Station,111,-1003181705395
Odela 2,114,-1003181705395
Odela 2,115,-1003181705395
Odela 2,116,-1003181705395
Odela 2,117,-1003181705395
Sarzameen,119,-1003181705395
Sarzameen,120,-1003181705395
Sarzameen,121,-1003181705395
Sarzameen,122,-1003181705395
Demonte Colony,124,-1003181705395
Demonte Colony,127,-1003181705395
Demonte Colony,128,-1003181705395
Demonte Colony 2,130,-1003181705395
Demonte Colony 2,131,-1003181705395
Demonte Colony 2,132,-1003181705395
Bhaag Milkha Bhaag,135,-1003181705395
Bhaag Milkha Bhaag,136,-1003181705395
Squid Game Season 1,140,-1003614546520
Squid Game Season 1,141,-1003614546520
Squid Game Season 1,142,-1003614546520
Squid Game Season 1,143,-1003614546520
Squid Game Season 2,145,-1003614546520
Squid Game Season 2,147,-1003614546520
Squid Game Season 2,148,-1003614546520
Squid Game Season 2,150,-1003614546520
Squid Game Season 3,152,-1003614546520
Squid Game Season 3,153,-1003614546520
Squid Game Season 3,154,-1003614546520
Squid Game Season 3,155,-1003614546520
Squid Game Season 3,156,-1003614546520
Maranamass,158,-1003614546520
Maranamass,159,-1003614546520
Maranamass,160,-1003614546520
Eagle,162,-1003614546520
Eagle,163,-1003614546520
Bhool Chuk Maaf,165,-1003614546520
Bhool Chuk Maaf,166,-1003614546520
Bhool Chuk Maaf,167,-1003614546520
Single,169,-1003614546520
Single,170,-1003614546520
Single,171,-1003614546520
Gram Chikitsalay Season 1,173,-1003614546520
Gram Chikitsalay Season 1,174,-1003614546520
Gram Chikitsalay Season 1,175,-1003614546520
Gram Chikitsalay Season 1,176,-1003614546520
Gram Chikitsalay Season 1,177,-1003614546520
Pravinkoodu Shappu,179,-1003614546520
Pravinkoodu Shappu,180,-1003614546520
Pravinkoodu Shappu,181,-1003614546520
Rana Naidu Season 1,183,-1003614546520
Rana Naidu Season 1,184,-1003614546520
Rana Naidu Season 1,185,-1003614546520
Rana Naidu Season 1,186,-1003614546520
Rana Naidu Season 2,188,-1003614546520
Rana Naidu Season 2,189,-1003614546520
Rana Naidu Season 2,190,-1003614546520
Rana Naidu Season 2,191,-1003614546520
Rana Naidu Season 2,192,-1003614546520
Rana Naidu Season 2,193,-1003614546520
Rana Naidu Season 2,194,-1003614546520
Rana Naidu Season 2,195,-1003614546520
Dharmaveer Mukkam Post Thane 2022,197,-1003614546520
Dharmaveer Mukkam Post Thane 2022,198,-1003614546520
Dharmaveer Mukkam Post Thane 2024,200,-1003614546520
Dharmaveer Mukkam Post Thane 2024,201,-1003614546520
Dharmaveer Mukkam Post Thane 2024,202,-1003614546520
Constable Girpade Season 1,204,-1003614546520
Jackpot,206,-1003614546520
Jackpot,207,-1003614546520
Kannappa,209,-1002831605258
Kannappa,210,-1002831605258
Kannappa,211,-1002831605258
Kannappa,212,-1002831605258
The Bhootnii,214,-1002831605258
The Bhootnii,215,-1002831605258
The Bhootnii,216,-1002831605258
The Bhootnii,217,-1002831605258
Panchayat Season 1 2020,219,-1002831605258
Panchayat Season 1 2020,220,-1002831605258
Panchayat Season 1 2020,221,-1002831605258
Panchayat Season 1 2020,222,-1002831605258
Panchayat Season 1 2020,223,-1002831605258
Panchayat Season 1 2020,224,-1002831605258
Panchayat Season 1 2020,225,-1002831605258
Panchayat Season 1 2020,226,-1002831605258
Panchayat Season 2 2022,229,-1002831605258
Panchayat Season 2 2022,230,-1002831605258
Panchayat Season 2 2022,231,-1002831605258
Panchayat Season 2 2022,233,-1002831605258
Panchayat Season 2 2022,234,-1002831605258
Panchayat Season 2 2022,235,-1002831605258
Panchayat Season 2 2022,236,-1002831605258
Panchayat Season 2 2022,237,-1002831605258
Panchayat Season 3 2024,239,-1002831605258
Panchayat Season 3 2024,240,-1002831605258
Panchayat Season 3 2024,241,-1002831605258
Panchayat Season 3 2024,242,-1002831605258
Panchayat Season 3 2024,243,-1002831605258
Panchayat Season 3 2024,244,-1002831605258
Panchayat Season 3 2024,245,-1002831605258
Panchayat Season 3 2024,246,-1002831605258
Panchayat Season 4 2025,248,-1002831605258
Panchayat Season 4 2025,249,-1002831605258
Panchayat Season 4 2025,250,-1002831605258
Panchayat Season 4 2025,251,-1002831605258
Panchayat Season 4 2025,252,-1002831605258
Panchayat Season 4 2025,253,-1002831605258
Panchayat Season 4 2025,254,-1002831605258
Panchayat Season 4 2025,255,-1002831605258
Stranger Things Season 1,258,-1002831605258
Stranger Things Season 1,259,-1002831605258
Stranger Things Season 1,260,-1002831605258
Stranger Things Season 1,261,-1002831605258
Stranger Things Season 1,262,-1002831605258
Stranger Things Season 1,263,-1002831605258
Stranger Things Season 1,264,-1002831605258
Stranger Things Season 1,265,-1002831605258
Stranger Things Season 2,267,-1002831605258
Stranger Things Season 2,268,-1002831605258
Stranger Things Season 2,269,-1002831605258
Stranger Things Season 2,270,-1002831605258
Stranger Things Season 2,271,-1002831605258
Stranger Things Season 2,272,-1002831605258
Stranger Things Season 2,273,-1002831605258
Stranger Things Season 2,274,-1002831605258
Stranger Things Season 2,275,-1002831605258
Stranger Things Season 3,277,-1002831605258
Stranger Things Season 3,278,-1002831605258
Stranger Things Season 3,279,-1002831605258
Stranger Things Season 3,280,-1002831605258
Stranger Things Season 3,281,-1002831605258
Stranger Things Season 3,282,-1002831605258
Stranger Things Season 3,283,-1002831605258
Stranger Things Season 3,284,-1002831605258
Stranger Things Season 4,286,-1002831605258
Stranger Things Season 4,287,-1002831605258
Stranger Things Season 4,288,-1002831605258
Stranger Things Season 4,289,-1002831605258
Stranger Things Season 4,290,-1002831605258
Stranger Things Season 4,291,-1002831605258
Stranger Things Season 4,292,-1002831605258
Stranger Things Season 4,293,-1002831605258
Stranger Things Season 4,294,-1002831605258
1000 Babies Season 1,297,-1002831605258
1000 Babies Season 1,298,-1002831605258
1000 Babies Season 1,299,-1002831605258
1000 Babies Season 1,300,-1002831605258
1000 Babies Season 1,301,-1002831605258
1000 Babies Season 1,302,-1002831605258
1000 Babies Season 1,303,-1002831605258
Marco,305,-1002831605258
Marco,306,-1002831605258
Marco,307,-1002831605258
Marco,308,-1002831605258
Saiyaara,310,-1002831605258
Saiyaara,311,-1002831605258
Saiyaara,312,-1002831605258
Saiyaara,313,-1002831605258
Saiyaara,314,-1002831605258
Mirzapur Season 1,318,-1002964109368
Mirzapur Season 1,319,-1002964109368
Mirzapur Season 1,320,-1002964109368
Mirzapur Season 1,321,-1002964109368
Mirzapur Season 1,322,-1002964109368
Mirzapur Season 1,323,-1002964109368
Mirzapur Season 1,324,-1002964109368
Mirzapur Season 1,325,-1002964109368
Mirzapur Season 1,326,-1002964109368
Mirzapur Season 2,328,-1002964109368
Mirzapur Season 2,329,-1002964109368
Mirzapur Season 2,330,-1002964109368
Mirzapur Season 2,331,-1002964109368
Mirzapur Season 2,332,-1002964109368
Mirzapur Season 2,333,-1002964109368
Mirzapur Season 2,334,-1002964109368
Mirzapur Season 2,335,-1002964109368
Mirzapur Season 2,336,-1002964109368
Mirzapur Season 2,337,-1002964109368
Mirzapur Season 3,339,-1002964109368
Mirzapur Season 3,340,-1002964109368
Mirzapur Season 3,341,-1002964109368
Mirzapur Season 3,342,-1002964109368
Mirzapur Season 3,343,-1002964109368
Mirzapur Season 3,344,-1002964109368
Mirzapur Season 3,345,-1002964109368
Mirzapur Season 3,346,-1002964109368
Mirzapur Season 3,347,-1002964109368
Mirzapur Season 3,348,-1002964109368
Baadshaho,350,-1002964109368
Baadshaho,351,-1002964109368
Baadshaho,352,-1002964109368
Baadshaho,356,-1002964109368
Asuran,358,-1002964109368
Asuran,359,-1002964109368
Asuran,360,-1002964109368
Rudra Garuda Purana,363,-1002964109368
Rudra Garuda Purana,364,-1002964109368
Rudra Garuda Purana,365,-1002964109368
Music Shop Murthy,367,-1002964109368
Music Shop Murthy,368,-1002964109368
Bakasuran,370,-1002964109368
Bakasuran,371,-1002964109368
Bakasuran,372,-1002964109368
Bakasuran,373,-1002964109368
Ravanasura,375,-1002964109368
Ravanasura,376,-1002964109368
Ravanasura,377,-1002964109368
Ravanasura,378,-1002964109368
Thiruchitrambalam,382,-1002964109368
Thiruchitrambalam,383,-1002964109368
Thiruchitrambalam,384,-1002964109368
Thiruchitrambalam,385,-1002964109368
Sitaare Zameen Par,399,-1002964109368
Sitaare Zameen Par,400,-1002964109368
Sitaare Zameen Par,401,-1002964109368
Sitaare Zameen Par,402,-1002964109368
Taare Zameen Par,404,-1002964109368
Taare Zameen Par,405,-1002964109368
Taare Zameen Par,406,-1002964109368
Taare Zameen Par,407,-1002964109368
Mahavatar Narsimha,410,-1002964109368
Mahavatar Narsimha,411,-1002964109368
Mahavatar Narsimha,412,-1002964109368
Sattamum Needhiyum S01,513,-1002964109368
Sattamum Needhiyum S01,514,-1002964109368
Sattamum Needhiyum S01,515,-1002964109368
Sattamum Needhiyum S01,516,-1002964109368
Sattamum Needhiyum S01,517,-1002964109368
Sattamum Needhiyum S01,518,-1002964109368
Sattamum Needhiyum S01,519,-1002964109368
Sattamum Needhiyum S01,521,-1002964109368
Sattamum Needhiyum S01,522,-1002964109368
Sattamum Needhiyum S01,523,-1002964109368
Sattamum Needhiyum S01,524,-1002964109368
Sattamum Needhiyum S01,525,-1002964109368
Sattamum Needhiyum S01,526,-1002964109368
Sattamum Needhiyum S01,527,-1002964109368
Sattamum Needhiyum S01,529,-1002964109368
Sattamum Needhiyum S01,530,-1002964109368
Sattamum Needhiyum S01,531,-1002964109368
Sattamum Needhiyum S01,532,-1002964109368
Sattamum Needhiyum S01,533,-1002964109368
Sattamum Needhiyum S01,534,-1002964109368
Sattamum Needhiyum S01,535,-1002964109368
Sattamum Needhiyum S01,541,-1002964109368
Maharaj,546,-1002964109368
Maharaj,548,-1002964109368
Maharaj,555,-1002964109368
Maharaj,558,-1002964109368
The Sandman,563,-1002964109368
The Sandman,564,-1002964109368
The Sandman,565,-1002964109368
The Sandman,899,-1002964109368
The Sandman,568,-1002964109368
The Sandman,569,-1002964109368
The Sandman,575,-1002964109368
The Sandman,577,-1002964109368
Bakaiti,583,-1002964109368
Bakaiti,585,-1002964109368
Bakaiti,587,-1002964109368
Bakaiti,589,-1002964109368
Paranthu Po,599,-1002964109368
Paranthu Po,602,-1002964109368
Paranthu Po,604,-1002964109368
Paranthu Po,606,-1002964109368
Wednesday (2022) Season 1,608,-1002964109368
Wednesday (2022) Season 1,612,-1002964109368
Wednesday (2022) Season 1,613,-1002964109368
Wednesday (2022) Season 1,614,-1002964109368
Wednesday (2022) Season 1,615,-1002964109368
Wednesday (2022) Season 1,616,-1002964109368
Wednesday (2022) Season 1,617,-1002964109368
Wednesday (2022) Season 1,618,-1002964109368
Wednesday (2022) Season 1,619,-1002964109368
Wednesday (2022) Season 1,620,-1002964109368
Wednesday (2022) Season 1,621,-1002964109368
Wednesday (2022) Season 1,622,-1002964109368
Wednesday (2022) Season 1,623,-1002964109368
Wednesday (2022) Season 1,624,-1002964109368
Wednesday (2022) Season 1,625,-1002964109368
Wednesday (2022) Season 1,626,-1002964109368
Wednesday (2022) Season 1,627,-1002964109368
Wednesday (2022) Season 1,629,-1002964109368
Wednesday (2022) Season 1,631,-1002964109368
Wednesday (2022) Season 1,632,-1002964109368
Wednesday (2022) Season 1,633,-1002964109368
Wednesday (2022) Season 1,634,-1002964109368
Wednesday (2022) Season 1,635,-1002964109368
Wednesday (2022) Season 1,636,-1002964109368
Wednesday (2022) Season 1,637,-1002964109368
Wednesday (2022) Season 1,638,-1002964109368
Wednesday (2022) Season 1,640,-1002964109368
Wednesday (2022) Season 1,641,-1002964109368
Wednesday (2025) Season 2 Part 1,647,-1002964109368
Wednesday (2025) Season 2 Part 1,648,-1002964109368
Wednesday (2025) Season 2 Part 1,649,-1002964109368
Wednesday (2025) Season 2 Part 1,650,-1002964109368
Wednesday (2025) Season 2 Part 1,652,-1002964109368
Wednesday (2025) Season 2 Part 1,654,-1002964109368
Wednesday (2025) Season 2 Part 1,655,-1002964109368
Wednesday (2025) Season 2 Part 1,656,-1002964109368
Wednesday (2025) Season 2 Part 1,657,-1002964109368
Wednesday (2025) Season 2 Part 1,659,-1002964109368
Wednesday (2025) Season 2 Part 1,661,-1002964109368
Wednesday (2025) Season 2 Part 1,664,-1002964109368
Wednesday (2025) Season 2 Part 1,666,-1002964109368
Heads of State,675,-1002964109368
Heads of State,677,-1002964109368
Heads of State,679,-1002964109368
Heads of State,681,-1002964109368
Dark 2017,687,-1002964109368
Dark 2017,693,-1002964109368
Dark 2017,698,-1002964109368
F1,706,-1002964109368
F1,708,-1002964109368
F1,710,-1002964109368
F1,712,-1002964109368
Mission Impossible The Final Reckoning (2025),719,-1002964109368
Mission Impossible The Final Reckoning (2025),721,-1002964109368
Mission Impossible The Final Reckoning (2025),723,-1002964109368
Mission Impossible The Final Reckoning (2025),725,-1002964109368
Vina Ke Woh Saat Din,730,-1002964109368
Vina Ke Woh Saat Din,732,-1002964109368
Vina Ke Woh Saat Din,734,-1002964109368
Dhadak 2,742,-1002964109368
Dhadak 2,744,-1002964109368
Dhadak 2,746,-1002964109368
Jurassic World Rebirth,753,-1002964109368
Jurassic World Rebirth,755,-1002964109368
Jurassic World Rebirth,757,-1002964109368
Jurassic World Rebirth,759,-1002964109368
Jurassic World Rebirth,761,-1002964109368
Love Hurts,768,-1002964109368
Love Hurts,771,-1002964109368
Love Hurts,773,-1002964109368
Love Hurts,778,-1002964109368
Mayasabha,785,-1002964109368
Mayasabha,786,-1002964109368
Mayasabha,789,-1002964109368
Mayasabha,790,-1002964109368
Mayasabha,792,-1002964109368
Mayasabha,793,-1002964109368
Materialists,797,-1002964109368
Materialists,799,-1002964109368
Materialists,804,-1002964109368
Materialists,806,-1002964109368
Materialists,808,-1002964109368
Shutter Island,814,-1002964109368
Shutter Island,816,-1002964109368
Shutter Island,818,-1002964109368
Interstellar,829,-1002964109368
Interstellar,831,-1002964109368
Interstellar,833,-1002964109368
Raid,839,-1002964109368
Raid,841,-1002964109368
Raid,843,-1002964109368
Raid 2,847,-1002964109368
Raid 2,849,-1002964109368
Raid 2,851,-1002964109368
Saare Jahan Se Accha,858,-1002964109368
Saare Jahan Se Accha,860,-1002964109368
Saare Jahan Se Accha,862,-1002964109368
Coolie,871,-1002964109368
Coolie,874,-1002964109368
Coolie,877,-1002964109368
It 2017,883,-1002964109368
It 2017,885,-1002964109368
It 2017,889,-1002964109368
It Chapter Two,894,-1002964109368
It Chapter Two,896,-1002964109368
War 2019,940,-1002964109368
War 2019,943,-1002964109368
War 2019,945,-1002964109368
War 2019,950,-1002964109368
War 2019,952,-1002964109368
War 2 2025,955,-1002964109368
War 2 2025,957,-1002964109368
War 2 2025,959,-1002964109368
Sena Guardians of the Nation Season 1 (2025),964,-1002964109368
Sena Guardians of the Nation Season 1 (2025),966,-1002964109368
Sena Guardians of the Nation Season 1 (2025),968,-1002964109368
Sena Guardians of the Nation Season 1 (2025),970,-1002964109368
Raaz Rangon Ka 2024,1107,-1002964109368
Raaz Rangon Ka 2024,1112,-1002964109368
Raaz Rangon Ka 2024,979,-1002964109368
Raaz Rangon Ka 2024,975,-1002964109368
Raaz Rangon Ka 2024,977,-1002964109368
Nadikar (2024) ,983,-1002964109368
Nadikar (2024) ,985,-1002964109368
Nadikar (2024) ,988,-1002964109368
Nadikar (2024) ,990,-1002964109368
Andhera (2025),995,-1002964109368
Andhera (2025),997,-1002964109368
Andhera (2025),1001,-1002964109368
Andhera (2025),1003,-1002964109368
Tehran (2025),1009,-1002964109368
Tehran (2025),1011,-1002964109368
Tehran (2025),1013,-1002964109368
Tehran (2025),1015,-1002964109368
Smurfs (2025),1020,-1002964109368
Smurfs (2025),1022,-1002964109368
Smurfs (2025),1024,-1002964109368
Smurfs (2025),1026,-1002964109368
Court State Vs A Nobody (2025),1030,-1002964109368
Court State Vs A Nobody (2025),1032,-1002964109368
Court State Vs A Nobody (2025),1034,-1002964109368
Court State Vs A Nobody (2025),1036,-1002964109368
Salakaar S1 (2025),1042,-1002964109368
Salakaar S1 (2025),1044,-1002964109368
Salakaar S1 (2025),1046,-1002964109368
Salakaar S1 (2025),1048,-1002964109368
Arabia Kadali 2025,1055,-1002964109368
Arabia Kadali 2025,1057,-1002964109368
Arabia Kadali 2025,1059,-1002964109368
Bindiya Ke Bahubali 2025,1064,-1002964109368
Bindiya Ke Bahubali 2025,1066,-1002964109368
Bindiya Ke Bahubali 2025,1068,-1002964109368
Oho Enthan Baby (2025),1072,-1002964109368
Oho Enthan Baby (2025),1074,-1002964109368
Oho Enthan Baby (2025),1076,-1002964109368
Oho Enthan Baby (2025),1078,-1002964109368
Baida (2025) ,1082,-1002964109368
Baida (2025) ,1084,-1002964109368
Baida (2025) ,1086,-1002964109368
Baida (2025) ,1089,-1002964109368
Baida (2025) ,1091,-1002964109368
Kaalidhar Laapata 2025,1095,-1002964109368
Kaalidhar Laapata 2025,1097,-1002964109368
Kaalidhar Laapata 2025,1099,-1002964109368
Kaalidhar Laapata 2025,1101,-1002964109368
Kaalidhar Laapata 2025,1104,-1002964109368
Don Aur Doctor (2018),1118,-1002964109368
Don Aur Doctor (2018),1119,-1002964109368
Don Aur Doctor (2018),1121,-1002964109368
Don Aur Doctor (2018),1122,-1002964109368
Don Aur Doctor (2018),1125,-1002964109368
Don Aur Doctor (2018),1126,-1002964109368
Breaking Bad S1 (2008),1130,-1002964109368
Breaking Bad S2 (2009),1133,-1002964109368
Breaking Bad S2 (2009),1135,-1002964109368
Breaking Bad S3 (2010),1137,-1002964109368
Breaking Bad S3 (2010),1138,-1002964109368
Breaking Bad S4 (2011),1140,-1002964109368
Breaking Bad S4 (2011),1141,-1002964109368
Breaking Bad S5 (2012),1143,-1002964109368
Breaking Bad S5 (2012),1144,-1002964109368
Breaking Bad S5 (2012),1145,-1002964109368
Better Call Saul Season 1 (2015),1147,-1002964109368
Better Call Saul Season 1 (2015),1148,-1002964109368
Better Call Saul Season 2 (2016),1150,-1002964109368
Better Call Saul Season 3 (2017),1152,-1002964109368
Better Call Saul Season 4 (2018),1154,-1002964109368
Better Call Saul Season 4 (2018),1155,-1002964109368
Better Call Saul Season 5 (2020),1158,-1002964109368
Better Call Saul Season 6 (2022),1161,-1002964109368
Better Call Saul Season 6 (2022),1160,-1002964109368
MCA Middle Class Abbayi (2017),1164,-1002964109368
MCA Middle Class Abbayi (2017),1165,-1002964109368
MCA Middle Class Abbayi (2017),1166,-1002964109368
MCA Middle Class Abbayi (2017),1167,-1002964109368
MCA Middle Class Abbayi (2017),1168,-1002964109368
MobLand Season 1 (2025),1170,-1002964109368
MobLand Season 1 (2025),1171,-1002964109368
MobLand Season 1 (2025),1172,-1002964109368
Kantara (2022),1178,-1002831605258
Kantara (2022),1179,-1002831605258
Kantara (2022),1180,-1002831605258
Kantara (2022),1182,-1002831605258
Kantara (2022),1183,-1002831605258
Fight Club (1999),1186,-1002831605258
Fight Club (1999),1187,-1002831605258
Fight Club (1999),1188,-1002831605258
Fight Club (1999),1189,-1002831605258
Fight Club (1999),1190,-1002831605258
Fight Club (1999),1191,-1002831605258
Jamnapaar S1 (2024),1193,-1002831605258
Jamnapaar S1 (2024),1194,-1002831605258
Jamnapaar S1 (2024),1195,-1002831605258
Game of Thrones S1 (2011),1197,-1002831605258
Game of Thrones S1 (2011),1198,-1002831605258
Game of Thrones S2 (2012),1200,-1002831605258
Game of Thrones S2 (2012),1201,-1002831605258
Game of Thrones S3 (2013),1203,-1002831605258
Game of Thrones S3 (2013),1204,-1002831605258
Game of Thrones S4 (2014),1206,-1002831605258
Game of Thrones S4 (2014),1207,-1002831605258
Game of Thrones S5 (2015),1209,-1002831605258
Game of Thrones S5 (2015),1210,-1002831605258
Game of Thrones S6 (2016),1212,-1002831605258
Game of Thrones S6 (2016),1213,-1002831605258
Game of Thrones S7 (2017),1215,-1002831605258
Game of Thrones S7 (2017),1216,-1002831605258
Game of Thrones S8 (2019),1218,-1002831605258
Game of Thrones S8 (2019),1219,-1002831605258
House of Dragon S1 (2022),1221,-1002831605258
House of Dragon S1 (2022),1222,-1002831605258
House of Dragon S2 (2024),1224,-1002831605258
House of Dragon S2 (2024),1225,-1002831605258
House of Dragon S2 (2024),1226,-1002831605258
Locked S1 (2022),1230,-1002831605258
Locked S1 (2022),1231,-1002831605258
Bunty Aur Babli (2005),1233,-1002831605258
Bunty Aur Babli (2005),1234,-1002831605258
Bunty Aur Babli (2005),1235,-1002831605258
Bunty Aur Babli (2021),1237,-1002831605258
Bunty Aur Babli (2021),1238,-1002831605258
Bunty Aur Babli (2021),1239,-1002831605258
Hit The First Case (2020),1241,-1002831605258
Hit The First Case (2020),1242,-1002831605258
Hit The First Case (2020),1243,-1002831605258
Hit The First Case (2020),1244,-1002831605258
Hit The Second Case (2022),1246,-1002831605258
Hit The Second Case (2022),1247,-1002831605258
Hit The Second Case (2022),1248,-1002831605258
Hit The Second Case (2022),1249,-1002831605258
Hit The Third Case (2025),1251,-1002831605258
Hit The Third Case (2025),1252,-1002831605258
Hit The Third Case (2025),1253,-1002831605258
Hit The Third Case (2025),1254,-1002831605258
RRR (2022),1257,-1002831605258
RRR (2022),1258,-1002831605258
RRR (2022),1259,-1002831605258
RRR (2022),1260,-1002831605258
RRR (2022),1261,-1002831605258
Robinhood (2025),1263,-1002831605258
Robinhood (2025),1264,-1002831605258
Robinhood (2025),1265,-1002831605258
Robinhood (2025),1266,-1002831605258
Robinhood (2025),1267,-1002831605258
Love All (2023),1269,-1002831605258
Love All (2023),1270,-1002831605258
Love All (2023),1271,-1002831605258
Love All (2023),1272,-1002831605258
Janaki V vs State of Kerala (2025),1274,-1002831605258
Janaki V vs State of Kerala (2025),1275,-1002831605258
Janaki V vs State of Kerala (2025),1276,-1002831605258
Janaki V vs State of Kerala (2025),1277,-1002831605258
Devara (2024),1279,-1002831605258
Devara (2024),1280,-1002831605258
Devara (2024),1281,-1002831605258
Devara (2024),1282,-1002831605258
Devara (2024),1283,-1002831605258
Raja Natwarlal (2014),1286,-1002831605258
Raja Natwarlal (2014),1287,-1002831605258
Raja Natwarlal (2014),1288,-1002831605258
Raja Natwarlal (2014),1289,-1002831605258
Chennai Central (2018),1291,-1002831605258
Chennai Central (2018),1292,-1002831605258
Chennai Central (2018),1293,-1002831605258
Maleficent (2014),1295,-1002831605258
Maleficent (2014),1296,-1002831605258
Maleficent (2014),1297,-1002831605258
Maleficent (2014),1298,-1002831605258
Maleficent: Mistress of Evil (2019),1300,-1002831605258
Maleficent: Mistress of Evil (2019),1301,-1002831605258
Maleficent: Mistress of Evil (2019),1302,-1002831605258
Maleficent: Mistress of Evil (2019),1303,-1002831605258
Babli Bouncer (2022),1305,-1002831605258
Babli Bouncer (2022),1306,-1002831605258
Babli Bouncer (2022),1308,-1002831605258
Babli Bouncer (2022),1309,-1002831605258
Babli Bouncer (2022),1310,-1002831605258
Raavan (2010),1312,-1002831605258
Raavan (2010),1313,-1002831605258
Raavan (2010),1314,-1002831605258
Malik (2025),1316,-1002831605258
Malik (2025),1317,-1002831605258
Malik (2025),1318,-1002831605258
Malik (2025),1319,-1002831605258
Aema 2025,1321,-1002831605258
Aema 2025,1322,-1002831605258
Gangs of Wasseypur - Part 1 (2012),1334,-1002831605258
Gangs of Wasseypur - Part 1 (2012),1335,-1002831605258
Gangs of Wasseypur - Part 1 (2012),1336,-1002831605258
Gangs of Wasseypur - Part 1 (2012),1337,-1002831605258
Gangs of Wasseypur - Part 1 (2012),1338,-1002831605258
Gangs of Wasseypur - Part 2 (2012),1340,-1002831605258
Gangs of Wasseypur - Part 2 (2012),1341,-1002831605258
Gangs of Wasseypur - Part 2 (2012),1342,-1002831605258
Gangs of Wasseypur - Part 2 (2012),1343,-1002831605258
Gangs of Wasseypur - Part 2 (2012),1344,-1002831605258
Genius (2018),1346,-1002831605258
Genius (2018),1347,-1002831605258
Genius (2018),1348,-1002831605258
Genius (2018),1349,-1002831605258
Pratishod S01 (2025),1351,-1002831605258
Pratishod S01 (2025),1352,-1002831605258
Pratishod S01 (2025),1353,-1002831605258
Pratishod S01 (2025),1354,-1002831605258
Sarpanch Sahab S1 (2025),1356,-1002831605258
Sarpanch Sahab S1 (2025),1357,-1002831605258
Sarpanch Sahab S1 (2025),1362,-1002831605258
Yuva Sapno Ka Safar S1 (2025),1364,-1002831605258
Yuva Sapno Ka Safar S1 (2025),1365,-1002831605258
Yuva Sapno Ka Safar S1 (2025),1366,-1002831605258
Rangasthalam (2018),1368,-1002831605258
Rangasthalam (2018),1369,-1002831605258
Rangasthalam (2018),1370,-1002831605258
Rangasthalam (2018),1371,-1002831605258
Rangasthalam (2018),1372,-1002831605258
Rangasthalam (2018),1373,-1002831605258
Maareesan (2025),1375,-1002831605258
Maareesan (2025),1376,-1002831605258
Maareesan (2025),1377,-1002831605258
Maareesan (2025),1378,-1002831605258
Maareesan (2025),1379,-1002831605258
Kingdom (2025),1384,-1002831605258
Kingdom (2025),1385,-1002831605258
Kingdom (2025),1386,-1002831605258
Kingdom (2025),1387,-1002831605258
Kingdom (2025),1388,-1002831605258
The Polar Express (2004),1389,-1002831605258
The Polar Express (2004),1390,-1002831605258
The Polar Express (2004),1391,-1002831605258
The Polar Express (2004),1392,-1002831605258
The Polar Express (2004),1393,-1002831605258
The Polar Express (2004),1394,-1002831605258
Ne Zha (2019),1397,-1002831605258
Ne Zha (2019),1398,-1002831605258
Ne Zha (2019),1399,-1002831605258
Ne Zha 2 (2025),1401,-1002831605258
Ne Zha 2 (2025),1402,-1002831605258
Ne Zha 2 (2025),1403,-1002831605258
Final Destination (2000),1405,-1002831605258
Final Destination (2000),1406,-1002831605258
Final Destination (2000),1407,-1002831605258
Final Destination (2000),1408,-1002831605258
Final Destination 2 (2003),1410,-1002831605258
Final Destination 2 (2003),1411,-1002831605258
Final Destination 2 (2003),1412,-1002831605258
Final Destination 2 (2003),1413,-1002831605258
Final Destination 3 (2006),1415,-1002831605258
Final Destination 3 (2006),1416,-1002831605258
Final Destination 3 (2006),1417,-1002831605258
Final Destination 3 (2006),1418,-1002831605258
Final Destination 4 (2009),1420,-1002831605258
Final Destination 4 (2009),1421,-1002831605258
Final Destination 4 (2009),1422,-1002831605258
Final Destination 4 (2009),1423,-1002831605258
Final Destination 5 (2011),1425,-1002831605258
Final Destination 5 (2011),1426,-1002831605258
Final Destination 5 (2011),1427,-1002831605258
Final Destination 5 (2011),1428,-1002831605258
Final Destination Bloodlines (2025),1430,-1002831605258
Final Destination Bloodlines (2025),1431,-1002831605258
Final Destination Bloodlines (2025),1432,-1002831605258
Final Destination Bloodlines (2025),1433,-1002831605258
Gyaarah Gyaarah S1 (2024),1435,-1002831605258
Gyaarah Gyaarah S1 (2024),1436,-1002831605258
Gyaarah Gyaarah S1 (2024),1437,-1002831605258
Gyaarah Gyaarah S1 (2024),1438,-1002831605258
Gyaarah Gyaarah S1 (2024),1439,-1002831605258
Tribhuvan Mishra CA Topper (2024),1441,-1002831605258
Tribhuvan Mishra CA Topper (2024),1442,-1002831605258
Half CA S1 (2023),1444,-1002831605258
Half CA S1 (2023),1445,-1002831605258
Half CA S1 (2023),1446,-1002831605258
Half CA S1 (2023),1447,-1002831605258
Half CA S2 (2025),1450,-1002831605258
Half CA S2 (2025),1451,-1002831605258
Half CA S2 (2025),1452,-1002831605258
El Camino: A Breaking Bad Movie (2019),1454,-1002831605258
El Camino: A Breaking Bad Movie (2019),1455,-1002831605258
El Camino: A Breaking Bad Movie (2019),1456,-1002831605258
The Bad Guys (2022),1458,-1002831605258
The Bad Guys (2022),1459,-1002831605258
The Bad Guys (2022),1460,-1002831605258
The Bad Guys (2022),1461,-1002831605258
The Bad Guys (2022),1462,-1002831605258
The Bad Guys 2 (2025),1464,-1002831605258
The Bad Guys 2 (2025),1465,-1002831605258
The Bad Guys 2 (2025),1466,-1002831605258
The Bad Guys 2 (2025),1467,-1002831605258
Maargan (2025),1469,-1002831605258
Maargan (2025),1470,-1002831605258
Maargan (2025),1471,-1002831605258
Maargan (2025),1472,-1002831605258
Captain America: The First Avenger (2011),1480,-1002831605258
Captain America: The First Avenger (2011),1481,-1002831605258
Captain America: The First Avenger (2011),1482,-1002831605258
Captain America: The First Avenger (2011),1483,-1002831605258
Captain America: The First Avenger (2011),1484,-1002831605258
Captain America: The First Avenger (2011),1485,-1002831605258
Marvel One Shot Agent Carter (2013),1487,-1002831605258
Agent Carter S1 (2015),1489,-1002831605258
Agent Carter S2 (2016),1491,-1002831605258
Agent Carter S2 (2016),1492,-1002831605258
Captain Marvel (2019),1494,-1002831605258
Captain Marvel (2019),1495,-1002831605258
Captain Marvel (2019),1496,-1002831605258
Captain Marvel (2019),1497,-1002831605258
Captain Marvel (2019),1498,-1002831605258
Captain Marvel (2019),1499,-1002831605258
Iron Man (2008),1501,-1002831605258
Iron Man (2008),1502,-1002831605258
Iron Man (2008),1503,-1002831605258
Iron Man (2008),1504,-1002831605258
Iron Man (2008),1505,-1002831605258
Iron Man 2 (2010),1507,-1002831605258
Iron Man 2 (2010),1508,-1002831605258
Iron Man 2 (2010),1509,-1002831605258
Iron Man 2 (2010),1510,-1002831605258
Iron Man 2 (2010),1511,-1002831605258
Hulk (2003),1513,-1002831605258
Hulk (2003),1514,-1002831605258
Hulk (2003),1515,-1002831605258
Hulk (2003),1516,-1002831605258
Hulk (2003),1517,-1002831605258
The Incredible Hulk (2008),1519,-1002831605258
The Incredible Hulk (2008),1520,-1002831605258
The Incredible Hulk (2008),1521,-1002831605258
The Incredible Hulk (2008),1522,-1002831605258
The Incredible Hulk (2008),1523,-1002831605258
The Incredible Hulk (2008),1524,-1002831605258
The Incredible Hulk (2008),1525,-1002831605258
The Incredible Hulk (2008),1526,-1002831605258
Marvel One-Shot： The Consultant (2011),1528,-1002831605258
Marvel ONE-SHOT Short Film： A Funny Thing Happened On The Way To Thor's Hammer (2011),1530,-1002831605258
Thor (2011),1532,-1002831605258
Thor (2011),1533,-1002831605258
Thor (2011),1534,-1002831605258
Thor (2011),1535,-1002831605258
Thor (2011),1536,-1002831605258
The Avengers (2012),1538,-1002831605258
The Avengers (2012),1539,-1002831605258
The Avengers (2012),1540,-1002831605258
The Avengers (2012),1541,-1002831605258
The Avengers (2012),1542,-1002831605258
Marvel One-Shot: Item 47 (2012),1544,-1002831605258
Iron Man 3 (2013),1546,-1002831605258
Iron Man 3 (2013),1547,-1002831605258
Iron Man 3 (2013),1548,-1002831605258
Iron Man 3 (2013),1549,-1002831605258
Iron Man 3 (2013),1550,-1002831605258
Marvel One-Shot: All Hail the King (2014),1552,-1002831605258
Agents of S.H.I.E.L.D Season 1 (2013),1554,-1002831605258
Agents of S.H.I.E.L.D Season 1 (2013),1555,-1002831605258
Thor: The Dark World (2013),1557,-1002831605258
Thor: The Dark World (2013),1558,-1002831605258
Thor: The Dark World (2013),1559,-1002831605258
Thor: The Dark World (2013),1560,-1002831605258
Thor: The Dark World (2013),1561,-1002831605258
Thor: The Dark World (2013),1562,-1002831605258
Captain America The Winter Soldier (2014),1564,-1002831605258
Captain America The Winter Soldier (2014),1565,-1002831605258
Captain America The Winter Soldier (2014),1566,-1002831605258
Captain America The Winter Soldier (2014),1567,-1002831605258
Captain America The Winter Soldier (2014),1568,-1002831605258
Guardians of the Galaxy (2014),1570,-1002831605258
Guardians of the Galaxy (2014),1571,-1002831605258
Guardians of the Galaxy (2014),1572,-1002831605258
Guardians of the Galaxy (2014),1573,-1002831605258
Guardians of the Galaxy (2014),1574,-1002831605258
Guardians of the Galaxy (2014),1575,-1002831605258
I Am Groot (2022),1577,-1002831605258
Guardians of the Galaxy Volume 2 (2017),1579,-1002831605258
Guardians of the Galaxy Volume 2 (2017),1580,-1002831605258
Guardians of the Galaxy Volume 2 (2017),1581,-1002831605258
Guardians of the Galaxy Volume 2 (2017),1582,-1002831605258
Guardians of the Galaxy Volume 2 (2017),1583,-1002831605258
Agents of S.H.I.E.L.D Season 2 (2014),1585,-1002831605258
Agents of S.H.I.E.L.D Season 2 (2014),1586,-1002831605258
I Am Groot S2 (2022),1588,-1002831605258
Daredevil Season 1 (2015),1590,-1002831605258
Jessica Jones Season 1 (2015),1592,-1002831605258
Jessica Jones Season 1 (2015),1593,-1002831605258
Avengers: Age of Ultron (2015),1595,-1002831605258
Avengers: Age of Ultron (2015),1596,-1002831605258
Avengers: Age of Ultron (2015),1597,-1002831605258
Avengers: Age of Ultron (2015),1598,-1002831605258
Avengers: Age of Ultron (2015),1599,-1002831605258
Daredevil Season 2 (2016),1601,-1002831605258
Daredevil Season 2 (2016),1602,-1002831605258
Ant Man (2015),1604,-1002831605258
Ant Man (2015),1605,-1002831605258
Ant Man (2015),1606,-1002831605258
Ant Man (2015),1607,-1002831605258
Luke Cage Season 1 (2016),1609,-1002831605258
Iron Fist Season 1 (2017),1611,-1002831605258
The Defenders (2017),1613,-1002831605258
Agents of S.H.I.E.L.D Season 3 (2015),1615,-1002831605258
Agents of S.H.I.E.L.D Season 3 (2015),1616,-1002831605258
Captain America Civil War (2016),1618,-1002831605258
Captain America Civil War (2016),1619,-1002831605258
Captain America Civil War (2016),1620,-1002831605258
Captain America Civil War (2016),1621,-1002831605258
Captain America Civil War (2016),1622,-1002831605258
Captain America Civil War (2016),1623,-1002831605258
Black Widow (2021),1625,-1002831605258
Black Widow (2021),1626,-1002831605258
Black Widow (2021),1627,-1002831605258
Black Widow (2021),1628,-1002831605258
Black Widow (2021),1629,-1002831605258
Black Widow (2021),1630,-1002831605258
Black Panther (2018),1632,-1002831605258
Black Panther (2018),1633,-1002831605258
Black Panther (2018),1634,-1002831605258
Black Panther (2018),1635,-1002831605258
Black Panther (2018),1636,-1002831605258
Spider-Man: Homecoming (2017),1638,-1002831605258
Spider-Man: Homecoming (2017),1639,-1002831605258
Spider-Man: Homecoming (2017),1640,-1002831605258
Spider-Man: Homecoming (2017),1641,-1002831605258
Spider-Man: Homecoming (2017),1642,-1002831605258
Spider-Man: Homecoming (2017),1643,-1002831605258
The Punisher Season 1 (2017),1645,-1002831605258
Agents of S.H.I.E.L.D Season 4 (2016),1647,-1002831605258
Agents of S.H.I.E.L.D Season 4 (2016),1648,-1002831605258
Doctor Strange (2016),1650,-1002831605258
Doctor Strange (2016),1651,-1002831605258
Doctor Strange (2016),1652,-1002831605258
Doctor Strange (2016),1653,-1002831605258
Agents of Shield Slingshot S01 (2016),1655,-1002831605258
Agents of S.H.I.E.L.D Season 5 (2018),1657,-1002831605258
Agents of S.H.I.E.L.D Season 5 (2018),1658,-1002831605258
Inhumans (2017),1660,-1002831605258
Inhumans (2017),1661,-1002831605258
Jessica Jones Season 2 (2018),1663,-1002831605258
Luke Cage Season 2 (2018),1665,-1002831605258
Iron Fist Season 2 (2018),1667,-1002831605258
Daredevil Season 3 (2018),1669,-1002831605258
Daredevil Season 3 (2018),1670,-1002831605258
The Punisher Season 2 (2019),1672,-1002831605258
Jessica Jones Season 3 (2019 ),1674,-1002831605258
Runaways Season 1 (2017),1676,-1002831605258
Runaways Season 1 (2017),1677,-1002831605258
Runaways Season 2 (2018),1679,-1002831605258
Cloak & Dagger Season 1 (2018),1681,-1002831605258
Cloak & Dagger Season 2 (2019),1683,-1002831605258
Runaways Season 3 (2019),1685,-1002831605258
Ant-Man and the Wasp (2018),1687,-1002831605258
Ant-Man and the Wasp (2018),1688,-1002831605258
Ant-Man and the Wasp (2018),1689,-1002831605258
Ant-Man and the Wasp (2018),1690,-1002831605258
Ant-Man and the Wasp (2018),1691,-1002831605258
Thor: Ragnarok (2017),1693,-1002831605258
Thor: Ragnarok (2017),1694,-1002831605258
Thor: Ragnarok (2017),1695,-1002831605258
Thor: Ragnarok (2017),1696,-1002831605258
Thor: Ragnarok (2017),1697,-1002831605258
Thor: Ragnarok (2017),1698,-1002831605258
Avengers: Infinity War (2018),1700,-1002831605258
Avengers: Infinity War (2018),1701,-1002831605258
Avengers: Infinity War (2018),1702,-1002831605258
Avengers: Infinity War (2018),1703,-1002831605258
Agents of S.H.I.E.L.D Season 6 (2019),1705,-1002831605258
Agents of S.H.I.E.L.D Season 7 (2020),1707,-1002831605258
Avengers: Endgame (2019),1709,-1002831605258
Avengers: Endgame (2019),1710,-1002831605258
Avengers: Endgame (2019),1711,-1002831605258
Avengers: Endgame (2019),1712,-1002831605258
Avengers: Endgame (2019),1713,-1002831605258
Loki Season 1 (2021),1715,-1002831605258
Loki Season 2 (2023),1717,-1002831605258
What If...? Season 1 (2021),1719,-1002831605258
What If...? Season 2 (2023),1721,-1002831605258
What If...? Season 3 (2024),1723,-1002831605258
What If...? Season 3 (2024),1724,-1002831605258
WandaVision (2021),1726,-1002831605258
WandaVision (2021),1727,-1002831605258
The Falcon and the Winter Soldier (2021),1729,-1002831605258
The Falcon and the Winter Soldier (2021),1730,-1002831605258
Shang-Chi and the Legend of the Ten Rings (2021),1732,-1002831605258
Shang-Chi and the Legend of the Ten Rings (2021),1733,-1002831605258
Shang-Chi and the Legend of the Ten Rings (2021),1734,-1002831605258
Shang-Chi and the Legend of the Ten Rings (2021),1735,-1002831605258
Shang-Chi and the Legend of the Ten Rings (2021),1736,-1002831605258
Shang-Chi and the Legend of the Ten Rings (2021),1737,-1002831605258
Shang-Chi and the Legend of the Ten Rings (2021),1738,-1002831605258
Shang-Chi and the Legend of the Ten Rings (2021),1739,-1002831605258
Eternals (2021),1740,-1002831605258
Eternals (2021),1741,-1002831605258
Eternals (2021),1742,-1002831605258
Eternals (2021),1743,-1002831605258
Eternals (2021),1744,-1002831605258
Eternals (2021),1745,-1002831605258
Eternals (2021),1746,-1002831605258
Black Panther: Wakanda Forever (2022),1748,-1002831605258
Black Panther: Wakanda Forever (2022),1749,-1002831605258
Black Panther: Wakanda Forever (2022),1750,-1002831605258
Black Panther: Wakanda Forever (2022),1751,-1002831605258
Black Panther: Wakanda Forever (2022),1752,-1002831605258
Black Panther: Wakanda Forever (2022),1753,-1002831605258
Spider-Man: Far from Home (2019),1755,-1002831605258
Spider-Man: Far from Home (2019),1756,-1002831605258
Spider-Man: Far from Home (2019),1757,-1002831605258
Spider-Man: Far from Home (2019),1758,-1002831605258
Spider-Man: Far from Home (2019),1759,-1002831605258
Spider-Man: Far from Home (2019),1760,-1002831605258
Spider-Man: Far from Home (2019),1761,-1002831605258
Spider-Man: No Way Home (2021),1763,-1002831605258
Spider-Man: No Way Home (2021),1764,-1002831605258
Spider-Man: No Way Home (2021),1765,-1002831605258
Spider-Man: No Way Home (2021),1766,-1002831605258
Spider-Man: No Way Home (2021),1767,-1002831605258
Spider-Man: No Way Home (2021),1768,-1002831605258
Spider-Man: No Way Home (2021),1769,-1002831605258
Doctor Strange in the Multiverse of Madness (2022),1771,-1002831605258
Doctor Strange in the Multiverse of Madness (2022),1772,-1002831605258
Doctor Strange in the Multiverse of Madness (2022),1773,-1002831605258
Doctor Strange in the Multiverse of Madness (2022),1774,-1002831605258
Doctor Strange in the Multiverse of Madness (2022),1775,-1002831605258
Doctor Strange in the Multiverse of Madness (2022),1776,-1002831605258
Doctor Strange in the Multiverse of Madness (2022),1777,-1002831605258
Doctor Strange in the Multiverse of Madness (2022),1778,-1002831605258
Hawkeye (2021),1780,-1002831605258
Hawkeye (2021),1781,-1002831605258
Echo (2024),1783,-1002831605258
Echo (2024),1784,-1002831605258
Echo (2024),1785,-1002831605258
Moon Knight (2022),1787,-1002831605258
Moon Knight (2022),1788,-1002831605258
Moon Knight (2022),1789,-1002831605258
She-Hulk: Attorney at Law (2022),1790,-1002831605258
She-Hulk: Attorney at Law (2022),1791,-1002831605258
Ms. Marvel (2022),1793,-1002831605258
Ms. Marvel (2022),1794,-1002831605258
Ms. Marvel (2022),1795,-1002831605258
Thor: Love and Thunder (2022),1797,-1002831605258
Thor: Love and Thunder (2022),1798,-1002831605258
Thor: Love and Thunder (2022),1799,-1002831605258
Thor: Love and Thunder (2022),1800,-1002831605258
Thor: Love and Thunder (2022),1801,-1002831605258
Thor: Love and Thunder (2022),1802,-1002831605258
Ironheart (2025),1804,-1002831605258
Ironheart (2025),1805,-1002831605258
Werewolf by Night (2022),1807,-1002831605258
Werewolf by Night (2022),1808,-1002831605258
Werewolf by Night (2022),1809,-1002831605258
Werewolf by Night (2022),1810,-1002831605258
The Guardians of the Galaxy Holiday Special (2022),1812,-1002831605258
The Guardians of the Galaxy Holiday Special (2022),1813,-1002831605258
The Guardians of the Galaxy Holiday Special (2022),1814,-1002831605258
The Guardians of the Galaxy Holiday Special (2022),1815,-1002831605258
The Guardians of the Galaxy Holiday Special (2022),1816,-1002831605258
Ant-Man and the Wasp: Quantumania (2023),1818,-1002831605258
Ant-Man and the Wasp: Quantumania (2023),1819,-1002831605258
Ant-Man and the Wasp: Quantumania (2023),1820,-1002831605258
Ant-Man and the Wasp: Quantumania (2023),1821,-1002831605258
Ant-Man and the Wasp: Quantumania (2023),1822,-1002831605258
Guardians of the Galaxy Vol. 3 (2023),1824,-1002831605258
Guardians of the Galaxy Vol. 3 (2023),1825,-1002831605258
Guardians of the Galaxy Vol. 3 (2023),1826,-1002831605258
Guardians of the Galaxy Vol. 3 (2023),1827,-1002831605258
Guardians of the Galaxy Vol. 3 (2023),1828,-1002831605258
Guardians of the Galaxy Vol. 3 (2023),1829,-1002831605258
Secret Invasion (2023),1831,-1002831605258
Secret Invasion (2023),1832,-1002831605258
Secret Invasion (2023),1833,-1002831605258
The Marvels (2023),1835,-1002831605258
The Marvels (2023),1836,-1002831605258
The Marvels (2023),1837,-1002831605258
The Marvels (2023),1838,-1002831605258
The Marvels (2023),1839,-1002831605258
The Marvels (2023),1840,-1002831605258
Deadpool & Wolverine (2024),1842,-1002831605258
Deadpool & Wolverine (2024),1843,-1002831605258
Deadpool & Wolverine (2024),1844,-1002831605258
Deadpool & Wolverine (2024),1845,-1002831605258
Deadpool & Wolverine (2024),1846,-1002831605258
Deadpool & Wolverine (2024),1847,-1002831605258
Agatha All Along (2024),1849,-1002831605258
Captain America: Brave New World (2025),1851,-1002831605258
Captain America: Brave New World (2025),1852,-1002831605258
Captain America: Brave New World (2025),1853,-1002831605258
Captain America: Brave New World (2025),1854,-1002831605258
Captain America: Brave New World (2025),1855,-1002831605258
Captain America: Brave New World (2025),1856,-1002831605258
Captain America: Brave New World (2025),1857,-1002831605258
Daredevil: Born Again (2025),1859,-1002831605258
Daredevil: Born Again (2025),1860,-1002831605258
Daredevil: Born Again (2025),1861,-1002831605258
Daredevil: Born Again (2025),1862,-1002831605258
Daredevil: Born Again (2025),1863,-1002831605258
Daredevil: Born Again (2025),1864,-1002831605258
Thunderbolts* (2025),1866,-1002831605258
Thunderbolts* (2025),1867,-1002831605258
Thunderbolts* (2025),1868,-1002831605258
Thunderbolts* (2025),1869,-1002831605258
Thunderbolts* (2025),1870,-1002831605258
Thunderbolts* (2025),1871,-1002831605258
Thunderbolts* (2025),1872,-1002831605258
Wednesday S1 (2022),1875,-1002831605258
Wednesday S1 (2022),1876,-1002831605258
Wednesday S1 (2022),1877,-1002831605258
Wednesday S1 (2022),1878,-1002831605258
Wednesday S1 (2022),1879,-1002831605258
Wednesday S2 (2025),1881,-1002831605258
Wednesday S2 (2025),1882,-1002831605258
Wednesday S2 (2025),1883,-1002831605258
Wednesday S2 (2025),1884,-1002831605258
Param Sundari (2025) Threater Print,1886,-1002831605258
Param Sundari (2025) Threater Print,1887,-1002831605258
Param Sundari (2025) Threater Print,1888,-1002831605258
Param Sundari (2025) Threater Print,1889,-1002831605258
Param Sundari (2025) Threater Print,1890,-1002831605258
The Bengal Files (2025) Threater Print,1892,-1002831605258
The Bengal Files (2025) Threater Print,1893,-1002831605258
The Bengal Files (2025) Threater Print,1894,-1002831605258
Dil Madharaasi (2025) Threater Print,1896,-1002831605258
Dil Madharaasi (2025) Threater Print,1897,-1002831605258
Dil Madharaasi (2025) Threater Print,1898,-1002831605258
Detective Ujjwalan (2025),1900,-1002831605258
Detective Ujjwalan (2025),1901,-1002831605258
Detective Ujjwalan (2025),1902,-1002831605258
Detective Ujjwalan (2025),1903,-1002831605258
Detective Ujjwalan (2025),1904,-1002831605258
Bajirao Mastani (2015),1906,-1002831605258
Bajirao Mastani (2015),1907,-1002831605258
Bajirao Mastani (2015),1908,-1002831605258
Bajirao Mastani (2015),1909,-1002831605258
Bajirao Mastani (2015),1910,-1002831605258
Bajirao Mastani (2015),1911,-1002831605258
DSP (2022),1913,-1002831605258
DSP (2022),1914,-1002831605258
DSP (2022),1915,-1002831605258
DSP (2022),1916,-1002831605258
DSP (2022),1917,-1002831605258
DSP (2022),1918,-1002831605258
The Nun: (2018),1926,-1002831605258
The Nun: (2018),1927,-1002831605258
The Nun: (2018),1928,-1002831605258
The Nun: (2018),1929,-1002831605258
The Nun: (2018),1930,-1002831605258
The Nun: (2018),1931,-1002831605258
Annabelle: Creation: (2017),1933,-1002831605258
Annabelle: Creation: (2017),1934,-1002831605258
Annabelle: Creation: (2017),1935,-1002831605258
Annabelle: Creation: (2017),1936,-1002831605258
Annabelle: Creation: (2017),1937,-1002831605258
Annabelle: Creation: (2017),1938,-1002831605258
The Nun II: (2023),1940,-1002831605258
The Nun II: (2023),1941,-1002831605258
The Nun II: (2023),1942,-1002831605258
The Nun II: (2023),1943,-1002831605258
The Nun II: (2023),1944,-1002831605258
The Nun II: (2023),1945,-1002831605258
Annabelle: (2014),1947,-1002831605258
Annabelle: (2014),1948,-1002831605258
Annabelle: (2014),1949,-1002831605258
Annabelle: (2014),1950,-1002831605258
The Conjuring: (2013),1952,-1002831605258
The Conjuring: (2013),1953,-1002831605258
The Conjuring: (2013),1954,-1002831605258
The Conjuring: (2013),1955,-1002831605258
The Conjuring: (2013),1956,-1002831605258
The Conjuring: (2013),1957,-1002831605258
The Curse of La Llorona: (2019),1959,-1002831605258
The Curse of La Llorona: (2019),1960,-1002831605258
The Curse of La Llorona: (2019),1961,-1002831605258
The Curse of La Llorona: (2019),1962,-1002831605258
The Curse of La Llorona: (2019),1963,-1002831605258
The Conjuring 2: (2016),1965,-1002831605258
The Conjuring 2: (2016),1966,-1002831605258
The Conjuring 2: (2016),1967,-1002831605258
The Conjuring 2: (2016),1968,-1002831605258
The Conjuring 2: (2016),1969,-1002831605258
The Conjuring 2: (2016),1970,-1002831605258
Annabelle Comes Home: (2019),1972,-1002831605258
Annabelle Comes Home: (2019),1973,-1002831605258
Annabelle Comes Home: (2019),1974,-1002831605258
Annabelle Comes Home: (2019),1975,-1002831605258
Annabelle Comes Home: (2019),1976,-1002831605258
Annabelle Comes Home: (2019),1977,-1002831605258
The Conjuring: The Devil Made Me Do It: (2021),1979,-1002831605258
The Conjuring: The Devil Made Me Do It: (2021),1980,-1002831605258
The Conjuring: The Devil Made Me Do It: (2021),1981,-1002831605258
The Conjuring: The Devil Made Me Do It: (2021),1982,-1002831605258
The Conjuring: The Devil Made Me Do It: (2021),1983,-1002831605258
The Conjuring: The Devil Made Me Do It: (2021),1984,-1002831605258
The Conjuring: Last Rites (2025) Threater Print,1986,-1002831605258
The Conjuring: Last Rites (2025) Threater Print,1987,-1002831605258
The Conjuring: Last Rites (2025) Threater Print,1988,-1002831605258
The Conjuring: Last Rites (2025) Threater Print,1989,-1002831605258
Saiyaara (2025),1991,-1002831605258
Saiyaara (2025),1992,-1002831605258
Saiyaara (2025),1993,-1002831605258
Saiyaara (2025),1994,-1002831605258
Saiyaara (2025),1995,-1002831605258
Saiyaara (2025),1996,-1002831605258
Saiyaara (2025),1997,-1002831605258
Saiyaara (2025),1998,-1002831605258
Saiyaara (2025),1999,-1002831605258
Saiyaara (2025),2000,-1002831605258
Saiyaara (2025),2001,-1002831605258
Saiyaara (2025),2002,-1002831605258
Saiyaara (2025),2003,-1002831605258
Ek Chatur Naar 2025,2005,-1002831605258
Ek Chatur Naar 2025,2006,-1002831605258
Ek Chatur Naar 2025,2007,-1002831605258
Demon Slayer Kimetsu No Yaiba Infinity Castle 2025,2008,-1002831605258
Demon Slayer Kimetsu No Yaiba Infinity Castle 2025,2009,-1002831605258
Demon Slayer Kimetsu No Yaiba Infinity Castle 2025,2010,-1002831605258
Demon Slayer Kimetsu No Yaiba Infinity Castle 2025,2011,-1002831605258
Demon Slayer Kimetsu No Yaiba Infinity Castle 2025,2012,-1002831605258
Love in Vietnam 2025,2013,-1002831605258
Love in Vietnam 2025,2014,-1002831605258
Love in Vietnam 2025,2015,-1002831605258
Love in Vietnam 2025,2016,-1002831605258
Love in Vietnam 2025,2017,-1002831605258
Lokah CH1: Chandra (2025),2018,-1002831605258
Lokah CH1: Chandra (2025),2019,-1002831605258
Lokah CH1: Chandra (2025),2020,-1002831605258
Lokah CH1: Chandra (2025),2021,-1002831605258
Superman (2025),2023,-1002831605258
Superman (2025),2024,-1002831605258
Superman (2025),2025,-1002831605258
Superman (2025),2026,-1002831605258
Superman (2025),2027,-1002831605258
Superman (2025),2028,-1002831605258
Superman (2025),2029,-1002831605258
Superman (2025),2030,-1002831605258
Superman (2025),2031,-1002831605258
Game Changer 2025,2032,-1002831605258
Game Changer 2025,2033,-1002831605258
Game Changer 2025,2034,-1002831605258
Game Changer 2025,2035,-1002831605258
Game Changer 2025,2036,-1002831605258
Game Changer 2025,2037,-1002831605258
Game Changer 2025,2038,-1002831605258
Game Changer 2025,2039,-1002831605258
Game Changer 2025,2040,-1002831605258
Game Changer 2025,2041,-1002831605258
Thammudu (2025),2044,-1002831605258
Thammudu (2025),2045,-1002831605258
Thammudu (2025),2046,-1002831605258
Thammudu (2025),2047,-1002831605258
Thammudu (2025),2048,-1002831605258
Titanic (1997),2060,-1002831605258
Titanic (1997),2061,-1002831605258
Titanic (1997),2062,-1002831605258
Titanic (1997),2063,-1002831605258
Titanic (1997),2064,-1002831605258
Titanic (1997),2065,-1002831605258
Titanic (1997),2066,-1002831605258
Titanic (1997),2067,-1002831605258
Fight Club (2023),2069,-1002831605258
Fight Club (2023),2070,-1002831605258
Fight Club (2023),2071,-1002831605258
Fight Club (2023),2072,-1002831605258
Fight Club (2023),2073,-1002831605258
Fight Club (2023),2074,-1002831605258
Fight Club (2023),2075,-1002831605258
Heer Express Threater Print (2025),2078,-1002831605258
Heer Express Threater Print (2025),2079,-1002831605258
Heer Express Threater Print (2025),2080,-1002831605258
Heer Express Threater Print (2025),2081,-1002831605258
Heer Express Threater Print (2025),2082,-1002831605258
Mahavatar Narsimha (2025),2084,-1002831605258
Mahavatar Narsimha (2025),2085,-1002831605258
Mahavatar Narsimha (2025),2086,-1002831605258
Mahavatar Narsimha (2025),2087,-1002831605258
Mahavatar Narsimha (2025),2088,-1002831605258
Mahavatar Narsimha (2025),2089,-1002831605258
Top Gear (2022),2111,-1002831605258
Top Gear (2022),2112,-1002831605258
Top Gear (2022),2113,-1002831605258
Top Gear (2022),2114,-1002831605258
Top Gear (2022),2115,-1002831605258
Operation Valentine (2024),2118,-1002831605258
Operation Valentine (2024),2119,-1002831605258
Operation Valentine (2024),2120,-1002831605258
Operation Valentine (2024),2121,-1002831605258
Operation Valentine (2024),2122,-1002831605258
Ayalaan (2024),2124,-1002831605258
Ayalaan (2024),2125,-1002831605258
Ayalaan (2024),2126,-1002831605258
Ayalaan (2024),2127,-1002831605258
Ayalaan (2024),2128,-1002831605258
Ayalaan (2024),2129,-1002831605258
Rasavathi (2024) Tamil,2132,-1002831605258
Rasavathi (2024) Tamil,2133,-1002831605258
Rasavathi (2024) Tamil,2134,-1002831605258
Rasavathi (2024) Tamil,2135,-1002831605258
Naadi Dosh (2022),2137,-1002831605258
Naadi Dosh (2022),2138,-1002831605258
Naadi Dosh (2022),2139,-1002831605258
Naadi Dosh (2022),2140,-1002831605258
Naadi Dosh (2022),2141,-1002831605258
Naadi Dosh (2022),2142,-1002831605258
Tuck Jagadish (2021),2144,-1002831605258
Tuck Jagadish (2021),2145,-1002831605258
Tuck Jagadish (2021),2146,-1002831605258
Tuck Jagadish (2021),2147,-1002831605258
Ante Sundaraniki (2022),2149,-1002831605258
Ante Sundaraniki (2022),2150,-1002831605258
Ante Sundaraniki (2022),2151,-1002831605258
Ante Sundaraniki (2022),2152,-1002831605258
Jolly LLB (2013),2154,-1002831605258
Jolly LLB (2013),2155,-1002831605258
Jolly LLB (2013),2156,-1002831605258
Jolly LLB (2013),2157,-1002831605258
Jolly LLB 2 (2017),2159,-1002831605258
Jolly LLB 2 (2017),2160,-1002831605258
Jolly LLB 2 (2017),2161,-1002831605258
Jolly LLB 2 (2017),2162,-1002831605258
Jolly LLB 2 (2017),2163,-1002831605258
Jolly LLB 3 (2025) Threater Print,2165,-1002831605258
Jolly LLB 3 (2025) Threater Print,2166,-1002831605258
Jolly LLB 3 (2025) Threater Print,2167,-1002831605258
Jolly LLB 3 (2025) Threater Print,2168,-1002831605258
Jolly LLB 3 (2025) Threater Print,2169,-1002831605258
Once upon a time in Hollywood (2019),2171,-1002831605258
Once upon a time in Hollywood (2019),2172,-1002831605258
Once upon a time in Hollywood (2019),2173,-1002831605258
Once upon a time in Hollywood (2019),2174,-1002831605258
Once upon a time in Hollywood (2019),2175,-1002831605258
Once upon a time in Hollywood (2019),2176,-1002831605258
Once upon a time in Hollywood (2019),2177,-1002831605258
Once upon a time in Hollywood (2019),2178,-1002831605258
The Bads of Bollywood S01 (2025),2182,-1002831605258
The Bads of Bollywood S01 (2025),2183,-1002831605258
The Bads of Bollywood S01 (2025),2184,-1002831605258
The Bads of Bollywood S01 (2025),2185,-1002831605258
They Call Him OG (2025),2187,-1002831605258
They Call Him OG (2025),2188,-1002831605258
They Call Him OG (2025),2189,-1002831605258
They Call Him OG (2025),2190,-1002831605258
They Call Him OG (2025),2191,-1002831605258
Alice in Borderland (2020) S01,2193,-1002831605258
Alice in Borderland (2020) S01,2194,-1002831605258
Alice in Borderland (2022) S02,2196,-1002831605258
Alice in Borderland (2022) S02,2197,-1002831605258
Alice in Borderland (2022) S02,2198,-1002831605258
Alice in Borderland (2025) S03,2200,-1002831605258
Alice in Borderland (2025) S03,2201,-1002831605258
Alice in Borderland (2025) S03,2202,-1002831605258
Alice in Borderland (2025) S03,2203,-1002831605258
Alice in Borderland (2025) S03,2204,-1002831605258
Jalwa (2025),2206,-1002831605258
Jalwa (2025),2207,-1002831605258
Jalwa (2025),2208,-1002831605258
Jalwa (2025),2209,-1002831605258
Ajey: The Untold Story of a Yogi (2025),2214,-1002831605258
Ajey: The Untold Story of a Yogi (2025),2215,-1002831605258
Ajey: The Untold Story of a Yogi (2025),2216,-1002831605258
Ajey: The Untold Story of a Yogi (2025),2217,-1002831605258
Ajey: The Untold Story of a Yogi (2025),2218,-1002831605258
Ajey: The Untold Story of a Yogi (2025),2219,-1002831605258
SAAS BAHU KI PATHSALA (2025),2221,-1002831605258
SAAS BAHU KI PATHSALA (2025),2222,-1002831605258
Janaawar The Beast Within (2025) S01,2224,-1002831605258
Janaawar The Beast Within (2025) S01,2225,-1002831605258
Janaawar The Beast Within (2025) S01,2226,-1002831605258
Janaawar The Beast Within (2025) S01,2227,-1002831605258
Janaawar The Beast Within (2025) S01,2228,-1002831605258
Madharaasi (2025),2231,-1002831605258
Madharaasi (2025),2232,-1002831605258
Madharaasi (2025),2233,-1002831605258
Madharaasi (2025),2234,-1002831605258
Madharaasi (2025),2235,-1002831605258
Madharaasi (2025),2236,-1002831605258
Margin Call (2011),2239,-1002831605258
Margin Call (2011),2240,-1002831605258
Margin Call (2011),2241,-1002831605258
Kantara: Chapter 1 (2025),2243,-1002831605258
Kantara: Chapter 1 (2025),2244,-1002831605258
Kantara: Chapter 1 (2025),2245,-1002831605258
Kantara: Chapter 1 (2025),2246,-1002831605258
Sunny Sanskari Ki Tulsi Kumari (2025),2249,-1002831605258
Sunny Sanskari Ki Tulsi Kumari (2025),2250,-1002831605258
Sunny Sanskari Ki Tulsi Kumari (2025),2251,-1002831605258
Sunny Sanskari Ki Tulsi Kumari (2025),2252,-1002831605258
The Taj Story 2025,8,-1002831605258
The Taj Story 2025,9,-1002831605258
The Taj Story 2025,10,-1002831605258
The Taj Story 2025,11,-1002831605258
The Taj Story 2025,12,-1002831605258
Kis Kisko Pyaar Karoon 2025,20,-1002831605258
Kis Kisko Pyaar Karoon 2025,21,-1002831605258
Kis Kisko Pyaar Karoon 2025,22,-1002831605258
Kis Kisko Pyaar Karoon 2025,23,-1002831605258
Kis Kisko Pyaar Karoon 2025,24,-1002831605258
Akhanda 2 Thaandavam 2025,25,-1002831605258
Akhanda 2 Thaandavam 2025,26,-1002831605258
Akhanda 2 Thaandavam 2025,27,-1002831605258
Akhanda 2 Thaandavam 2025,28,-1002831605258
Akhanda 2 Thaandavam 2025,29,-1002831605258
Akhanda 2 Thaandavam 2025,30,-1002831605258
Akhanda 2 Thaandavam 2025,31,-1002831605258
Avatar Fire and Ash (2025),32,-1002831605258
Avatar Fire and Ash (2025),33,-1002831605258
Avatar Fire and Ash (2025),34,-1002831605258
Avatar Fire and Ash (2025),35,-1002831605258
The Raja Saab 2026,36,-1002831605258
The Raja Saab 2026,37,-1002831605258
The Raja Saab 2026,38,-1002831605258
The Raja Saab 2026,39,-1002831605258
Border 2 2026,41,-1002831605258
Border 2 2026,42,-1002831605258
Border 2 2026,43,-1002831605258
Border 2 2026,44,-1002831605258
Vadh 2 (2026),45,-1002831605258
Vadh 2 (2026),46,-1002831605258
Vadh 2 (2026),47,-1002831605258
Bhabiji Ghar Par Hain 2026,48,-1002831605258
Bhabiji Ghar Par Hain 2026,49,-1002831605258
Bhabiji Ghar Par Hain 2026,50,-1002831605258
Bhabiji Ghar Par Hain 2026,51,-1002831605258
Bhabiji Ghar Par Hain 2026,52,-1002831605258
O Romeo 2026,53,-1002831605258
O Romeo 2026,54,-1002831605258
O Romeo 2026,55,-1002831605258
O Romeo 2026,56,-1002831605258
O Romeo 2026,58,-1002831605258
O Romeo 2026,59,-1002831605258
O Romeo 2026,60,-1002831605258
O Romeo 2026,61,-1002831605258
3BHK (2025),330,-1002337293281
3BHK (2025),331,-1002337293281
3BHK (2025),332,-1002337293281
3BHK (2025),333,-1002337293281
Engaged Roka Ya Dhoka S01,32,-1003614546520
Engaged Roka Ya Dhoka S01,33,-1003614546520
Engaged Roka Ya Dhoka S01,34,-1003614546520
Engaged Roka Ya Dhoka S01,35,-1003614546520
Engaged Roka Ya Dhoka S01,36,-1003614546520
Engaged Roka Ya Dhoka S01,37,-1003614546520
Engaged Roka Ya Dhoka S01,38,-1003614546520
Engaged Roka Ya Dhoka S01,39,-1003614546520
Engaged Roka Ya Dhoka S01,40,-1003614546520
Engaged Roka Ya Dhoka S01,41,-1003614546520
Engaged Roka Ya Dhoka S01,42,-1003614546520
Engaged Roka Ya Dhoka S01,43,-1003614546520
Engaged Roka Ya Dhoka S01,44,-1003614546520
Engaged Roka Ya Dhoka S01,45,-1003614546520
Engaged Roka Ya Dhoka S01,46,-1003614546520
Engaged Roka Ya Dhoka S01,47,-1003614546520
Engaged Roka Ya Dhoka S01,48,-1003614546520
Engaged Roka Ya Dhoka S01,49,-1003614546520
Engaged Roka Ya Dhoka S01,50,-1003614546520
Engaged Roka Ya Dhoka S01,51,-1003614546520
Engaged Roka Ya Dhoka S01,52,-1003614546520
Engaged Roka Ya Dhoka S01,53,-1003614546520
Engaged Roka Ya Dhoka S01,54,-1003614546520
Engaged Roka Ya Dhoka S01,55,-1003614546520
Engaged Roka Ya Dhoka S01,56,-1003614546520
Engaged Roka Ya Dhoka S01,57,-1003614546520
Engaged Roka Ya Dhoka S01,58,-1003614546520
Engaged Roka Ya Dhoka S01,59,-1003614546520
Engaged Roka Ya Dhoka S01,60,-1003614546520
Engaged Roka Ya Dhoka S01,61,-1003614546520
Engaged Roka Ya Dhoka S01,62,-1003614546520
Engaged Roka Ya Dhoka S01,63,-1003614546520
Engaged Roka Ya Dhoka S01,64,-1003614546520
Engaged Roka Ya Dhoka S01,65,-1003614546520
Engaged Roka Ya Dhoka S01,66,-1003614546520
Engaged Roka Ya Dhoka S01,67,-1003614546520
Engaged Roka Ya Dhoka S01,68,-1003614546520
Engaged Roka Ya Dhoka S01,69,-1003614546520
Engaged Roka Ya Dhoka S01,70,-1003614546520
Engaged Roka Ya Dhoka S01,71,-1003614546520
Engaged Roka Ya Dhoka S01,72,-1003614546520
Engaged Roka Ya Dhoka S01,73,-1003614546520
Engaged Roka Ya Dhoka S01,74,-1003614546520
Engaged Roka Ya Dhoka S01,75,-1003614546520
Engaged Roka Ya Dhoka S01,76,-1003614546520
Engaged Roka Ya Dhoka S01,77,-1003614546520
Engaged Roka Ya Dhoka S01,78,-1003614546520
Engaged Roka Ya Dhoka S01,79,-1003614546520
Engaged Roka Ya Dhoka S01,80,-1003614546520
Engaged Roka Ya Dhoka S01,81,-1003614546520
Engaged Roka Ya Dhoka S01,82,-1003614546520
Engaged Roka Ya Dhoka S01,83,-1003614546520
Engaged Roka Ya Dhoka S01,84,-1003614546520
Engaged Roka Ya Dhoka S01,85,-1003614546520
Engaged Roka Ya Dhoka S01,86,-1003614546520
Engaged Roka Ya Dhoka S01,87,-1003614546520
Engaged Roka Ya Dhoka S01,88,-1003614546520
Engaged Roka Ya Dhoka S01,89,-1003614546520
Engaged Roka Ya Dhoka S01,90,-1003614546520
Engaged Roka Ya Dhoka S01,91,-1003614546520
Engaged Roka Ya Dhoka S01,92,-1003614546520
Engaged Roka Ya Dhoka S01,93,-1003614546520
Engaged Roka Ya Dhoka S01,94,-1003614546520
Engaged Roka Ya Dhoka S01,95,-1003614546520
Engaged Roka Ya Dhoka S01,96,-1003614546520
Engaged Roka Ya Dhoka S01,97,-1003614546520
Engaged Roka Ya Dhoka S01,98,-1003614546520
Engaged Roka Ya Dhoka S01,99,-1003614546520
Engaged Roka Ya Dhoka S01,100,-1003614546520
Engaged Roka Ya Dhoka S01,101,-1003614546520
Engaged Roka Ya Dhoka S01,102,-1003614546520
Engaged Roka Ya Dhoka S01,103,-1003614546520
Engaged Roka Ya Dhoka S01,104,-1003614546520
Engaged Roka Ya Dhoka S01,105,-1003614546520
Engaged Roka Ya Dhoka S01,106,-1003614546520
Engaged Roka Ya Dhoka S01,107,-1003614546520